{"cameraMode":{"drawMode":0,"name":"Shaded","section":"Shading Mode"},"sceneLighting":false,"audioPlay":false,"sceneViewState":{"m_AlwaysRefresh":false,"showFog":true,"showSkybox":false,"showFlares":true,"showImageEffects":true,"showParticleSystems":true,"showVisualEffectGraphs":true,"m_FxEnabled":true},"in2DMode":false,"pivot":{"x":3.440016508102417,"y":-1.3063664436340333,"z":-1.444535732269287},"rotation":{"x":-0.04649186506867409,"y":-0.0012600099435076118,"z":-0.0001034772940329276,"w":-0.9990869164466858},"size":0.6123724579811096,"orthographic":true}