{"cameraMode":{"drawMode":0,"name":"Shaded","section":"Shading Mode"},"sceneLighting":false,"audioPlay":false,"sceneViewState":{"m_AlwaysRefresh":false,"showFog":true,"showSkybox":false,"showFlares":true,"showImageEffects":true,"showParticleSystems":true,"showVisualEffectGraphs":true,"m_FxEnabled":true},"in2DMode":false,"pivot":{"x":-0.00011610984802246094,"y":0.8969656229019165,"z":-0.0761662945151329},"rotation":{"x":0.003932145424187183,"y":0.9562547206878662,"z":-0.29266372323036196,"w":0.012878358364105225},"size":1.2460359334945679,"orthographic":false}