{"cameraMode":{"drawMode":0,"name":"Shaded","section":"Shading Mode"},"sceneLighting":false,"audioPlay":false,"sceneViewState":{"m_AlwaysRefresh":false,"showFog":true,"showSkybox":false,"showFlares":true,"showImageEffects":true,"showParticleSystems":true,"showVisualEffectGraphs":true,"m_FxEnabled":true},"in2DMode":false,"pivot":{"x":2.72322940826416,"y":-0.40934813022613528,"z":0.0850830227136612},"rotation":{"x":0.003932145424187183,"y":0.9562547206878662,"z":-0.29266372323036196,"w":0.012878358364105225},"size":1.7008600234985352,"orthographic":false}